{
  "sample_name": "wgs_SARS_CoV2_no_host_1",
  "depth_avg": 409.42818446309735,
  "depth_q.25": 212.5,
  "depth_q.5": 388.0,
  "depth_q.75": 559.0,
  "depth_frac_above_10x": 0.9913721031334649,
  "depth_frac_above_25x": 0.9636825736548172,
  "depth_frac_above_50x": 0.9636825736548172,
  "depth_frac_above_100x": 0.8562351603518041,
  "allele_counts": {
    "A": 8868,
    "C": 5414,
    "T": 9541,
    "G": 5809,
    "N": 125,
    "Y": 1
  },
  "total_reads": 119490,
  "mapped_reads": 106561,
  "mapped_paired": 106206,
  "paired_inward": 82356,
  "paired_outward": 23600,
  "paired_other_orientation": 390,
  "ercc_mapped_reads": 0,
  "ercc_mapped_paired": 0,
  "ref_snps": 76,
  "ref_mnps": 0,
  "ref_indels": 7,
  "n_actg": 29632,
  "n_missing": 125,
  "n_gap": 0,
  "n_ambiguous": 1
}